{
  "json": true,
  "access": null,
  "all": false,
  "allow-same-version": false,
  "also": null,
  "audit": true,
  "audit-level": null,
  "auth-type": "web",
  "before": null,
  "bin-links": true,
  "browser": null,
  "ca": null,
  "cache": "/Users/nick/.npm",
  "cache-max": null,
  "cache-min": 0,
  "cafile": null,
  "call": "",
  "cert": null,
  "cidr": null,
  "color": true,
  "commit-hooks": true,
  "cpu": null,
  "depth": null,
  "description": true,
  "dev": false,
  "diff": [],
  "diff-ignore-all-space": false,
  "diff-name-only": false,
  "diff-no-prefix": false,
  "diff-dst-prefix": "b/",
  "diff-src-prefix": "a/",
  "diff-text": false,
  "diff-unified": 3,
  "dry-run": false,
  "editor": "vi",
  "engine-strict": false,
  "expect-result-count": null,
  "expect-results": null,
  "fetch-retries": 2,
  "fetch-retry-factor": 10,
  "fetch-retry-maxtimeout": 60000,
  "fetch-retry-mintimeout": 10000,
  "fetch-timeout": 300000,
  "force": false,
  "foreground-scripts": false,
  "format-package-lock": true,
  "fund": true,
  "git": "git",
  "git-tag-version": true,
  "global": false,
  "globalconfig": "/Users/nick/.nvm/versions/node/v22.19.0/etc/npmrc",
  "global-style": false,
  "heading": "npm",
  "https-proxy": null,
  "if-present": false,
  "ignore-scripts": false,
  "include": [],
  "include-staged": false,
  "include-workspace-root": false,
  "init-author-email": "",
  "init-author-name": "",
  "init-author-url": "",
  "init-license": "ISC",
  "init-module": "/Users/nick/.npm-init.js",
  "init-version": "1.0.0",
  "init.author.email": "",
  "init.author.name": "",
  "init.author.url": "",
  "init.license": "ISC",
  "init.module": "/Users/nick/.npm-init.js",
  "init.version": "1.0.0",
  "install-links": false,
  "install-strategy": "hoisted",
  "key": null,
  "legacy-bundling": false,
  "legacy-peer-deps": false,
  "libc": null,
  "link": false,
  "local-address": null,
  "location": "user",
  "lockfile-version": null,
  "loglevel": "notice",
  "logs-dir": null,
  "logs-max": 10,
  "long": false,
  "maxsockets": 15,
  "message": "%s",
  "node-options": null,
  "noproxy": [
    ""
  ],
  "offline": false,
  "omit": [],
  "omit-lockfile-registry-resolved": false,
  "only": null,
  "optional": null,
  "os": null,
  "otp": null,
  "package": [],
  "package-lock": true,
  "package-lock-only": false,
  "pack-destination": ".",
  "parseable": false,
  "prefer-dedupe": false,
  "prefer-offline": false,
  "prefer-online": false,
  "prefix": "/Users/nick/.nvm/versions/node/v22.19.0",
  "preid": "",
  "production": null,
  "progress": true,
  "provenance": false,
  "provenance-file": null,
  "proxy": null,
  "read-only": false,
  "rebuild-bundle": true,
  "registry": "https://registry.npmjs.org/",
  "replace-registry-host": "npmjs",
  "save": true,
  "save-bundle": false,
  "save-dev": false,
  "save-exact": false,
  "save-optional": false,
  "save-peer": false,
  "save-prefix": "^",
  "save-prod": false,
  "sbom-format": null,
  "sbom-type": "library",
  "scope": "",
  "script-shell": null,
  "searchexclude": "",
  "searchlimit": 20,
  "searchopts": "",
  "searchstaleness": 900,
  "shell": "/bin/zsh",
  "shrinkwrap": true,
  "sign-git-commit": false,
  "sign-git-tag": false,
  "strict-peer-deps": false,
  "strict-ssl": true,
  "tag": "latest",
  "tag-version-prefix": "v",
  "timing": false,
  "umask": 0,
  "unicode": true,
  "update-notifier": true,
  "usage": false,
  "user-agent": "npm/{npm-version} node/{node-version} {platform} {arch} workspaces/{workspaces} {ci}",
  "userconfig": "/Users/nick/.npmrc",
  "version": false,
  "versions": false,
  "viewer": "man",
  "which": null,
  "workspace": [],
  "workspaces": null,
  "workspaces-update": true,
  "yes": null,
  "npm-version": "10.9.3"
}
